"filename", "language", "Java", "Markdown", "comment", "blank", "total"
"d:\桌面\Personal-Tank-Strike\README.md", "Markdown", 0, 50, 0, 28, 78
"d:\桌面\Personal-Tank-Strike\README_En.md", "Markdown", 0, 18, 0, 18, 36
"d:\桌面\Personal-Tank-Strike\src\Bullet.java", "Java", 115, 0, 1, 18, 134
"d:\桌面\Personal-Tank-Strike\src\BulletManager.java", "Java", 47, 0, 0, 7, 54
"d:\桌面\Personal-Tank-Strike\src\EndPanel.java", "Java", 41, 0, 1, 14, 56
"d:\桌面\Personal-Tank-Strike\src\GamePanel.java", "Java", 184, 0, 8, 64, 256
"d:\桌面\Personal-Tank-Strike\src\HomePanel.java", "Java", 79, 0, 5, 24, 108
"d:\桌面\Personal-Tank-Strike\src\ImageLoader.java", "Java", 25, 0, 2, 3, 30
"d:\桌面\Personal-Tank-Strike\src\Item.java", "Java", 2, 0, 0, 2, 4
"d:\桌面\Personal-Tank-Strike\src\Main.java", "Java", 6, 0, 0, 1, 7
"d:\桌面\Personal-Tank-Strike\src\MazeGenerator.java", "Java", 93, 0, 21, 24, 138
"d:\桌面\Personal-Tank-Strike\src\Screen.java", "Java", 67, 0, 2, 24, 93
"d:\桌面\Personal-Tank-Strike\src\Tank.java", "Java", 167, 0, 5, 46, 218
"d:\桌面\Personal-Tank-Strike\src\TankPanel.java", "Java", 6, 0, 0, 4, 10
"d:\桌面\Personal-Tank-Strike\src\TileManager.java", "Java", 41, 0, 1, 13, 55
"d:\桌面\Personal-Tank-Strike\src\User.java", "Java", 110, 0, 3, 34, 147
"d:\桌面\Personal-Tank-Strike\src\User2.java", "Java", 110, 0, 3, 34, 147
"d:\桌面\Personal-Tank-Strike\src\UserAI.java", "Java", 196, 0, 0, 38, 234
"Total", "-", 1289, 68, 52, 396, 1805